{
  "2026": [
    {
      "holiday": "New Year's Day",
      "date": "2026-01-01",
      "day_of_week": "Thursday"
    },
    {
      "holiday": "Valentine's Day",
      "date": "2026-02-14",
      "day_of_week": "Saturday"
    },
    {
      "holiday": "St. Patrick's Day",
      "date": "2026-03-17",
      "day_of_week": "Tuesday"
    },
    {
      "holiday": "Easter Sunday",
      "date": "2026-04-05",
      "day_of_week": "Sunday"
    },
    {
      "holiday": "Mother's Day",
      "date": "2026-05-10",
      "day_of_week": "Sunday"
    },
    {
      "holiday": "Memorial Day",
      "date": "2026-05-25",
      "day_of_week": "Monday"
    },
    {
      "holiday": "Father's Day",
      "date": "2026-06-21",
      "day_of_week": "Sunday"
    },
    {
      "holiday": "Independence Day",
      "date": "2026-07-04",
      "day_of_week": "Saturday"
    },
    {
      "holiday": "Expected Prime Day (Start)",
      "date": "2026-07-14",
      "day_of_week": "Tuesday"
    },
    {
      "holiday": "School Start (Traditional)",
      "date": "2026-09-08",
      "day_of_week": "Tuesday"
    },
    {
      "holiday": "Labor Day",
      "date": "2026-09-07",
      "day_of_week": "Monday"
    },
    {
      "holiday": "Expected Prime Big Deal Days (Start)",
      "date": "2026-10-06",
      "day_of_week": "Tuesday"
    },
    {
      "holiday": "Halloween",
      "date": "2026-10-31",
      "day_of_week": "Saturday"
    },
    {
      "holiday": "Veterans Day",
      "date": "2026-11-11",
      "day_of_week": "Wednesday"
    },
    {
      "holiday": "Thanksgiving Day",
      "date": "2026-11-26",
      "day_of_week": "Thursday"
    },
    {
      "holiday": "Black Friday",
      "date": "2026-11-27",
      "day_of_week": "Friday"
    },
    {
      "holiday": "Small Business Saturday",
      "date": "2026-11-28",
      "day_of_week": "Saturday"
    },
    {
      "holiday": "Cyber Monday",
      "date": "2026-11-30",
      "day_of_week": "Monday"
    },
    {
      "holiday": "Green Monday",
      "date": "2026-12-14",
      "day_of_week": "Monday"
    },
    {
      "holiday": "Super Saturday",
      "date": "2026-12-19",
      "day_of_week": "Saturday"
    },
    {
      "holiday": "Christmas Day",
      "date": "2026-12-25",
      "day_of_week": "Friday"
    }
  ],
  "2027": [
    {
      "holiday": "New Year's Day",
      "date": "2027-01-01",
      "day_of_week": "Friday"
    },
    {
      "holiday": "Valentine's Day",
      "date": "2027-02-14",
      "day_of_week": "Sunday"
    },
    {
      "holiday": "St. Patrick's Day",
      "date": "2027-03-17",
      "day_of_week": "Wednesday"
    },
    {
      "holiday": "Easter Sunday",
      "date": "2027-03-28",
      "day_of_week": "Sunday"
    },
    {
      "holiday": "Mother's Day",
      "date": "2027-05-09",
      "day_of_week": "Sunday"
    },
    {
      "holiday": "Memorial Day",
      "date": "2027-05-31",
      "day_of_week": "Monday"
    },
    {
      "holiday": "Father's Day",
      "date": "2027-06-20",
      "day_of_week": "Sunday"
    },
    {
      "holiday": "Independence Day",
      "date": "2027-07-04",
      "day_of_week": "Sunday"
    },
    {
      "holiday": "Expected Prime Day (Start)",
      "date": "2027-07-13",
      "day_of_week": "Tuesday"
    },
    {
      "holiday": "School Start (Traditional)",
      "date": "2027-09-07",
      "day_of_week": "Tuesday"
    },
    {
      "holiday": "Labor Day",
      "date": "2027-09-06",
      "day_of_week": "Monday"
    },
    {
      "holiday": "Expected Prime Big Deal Days (Start)",
      "date": "2027-10-05",
      "day_of_week": "Tuesday"
    },
    {
      "holiday": "Halloween",
      "date": "2027-10-31",
      "day_of_week": "Sunday"
    },
    {
      "holiday": "Veterans Day",
      "date": "2027-11-11",
      "day_of_week": "Thursday"
    },
    {
      "holiday": "Thanksgiving Day",
      "date": "2027-11-25",
      "day_of_week": "Thursday"
    },
    {
      "holiday": "Black Friday",
      "date": "2027-11-26",
      "day_of_week": "Friday"
    },
    {
      "holiday": "Small Business Saturday",
      "date": "2027-11-27",
      "day_of_week": "Saturday"
    },
    {
      "holiday": "Cyber Monday",
      "date": "2027-11-29",
      "day_of_week": "Monday"
    },
    {
      "holiday": "Green Monday",
      "date": "2027-12-13",
      "day_of_week": "Monday"
    },
    {
      "holiday": "Super Saturday",
      "date": "2027-12-18",
      "day_of_week": "Saturday"
    },
    {
      "holiday": "Christmas Day",
      "date": "2027-12-25",
      "day_of_week": "Saturday"
    }
  ]
}